{
  "method": {
    "ko_tko": 0.999332370504768,
    "submission": 0.6271822044494203,
    "decision": 1.370571106158338
  },
  "round_3": {
    "1": 1.6188436011286815,
    "2": 0.8833335069574708,
    "3": 0.43621125083172174,
    "45": 0.0
  },
  "round_5": {
    "1": 4.7028800821710055,
    "2": 2.4662495282124834,
    "3": 1.4217088079348519,
    "45": 0.23503425500374292
  }
}
